element_type,osm_id,name_pre,distance_m_pre,cde_category_pre,cde_label_pre,tags_pre,name_current,distance_m_current,cde_category_current,cde_label_current,tags_current,in_prestrike,in_current,status
node,3678209524,,406.1,unknown,Unknown / unclassified,,,406.1,unknown,Unknown / unclassified,,True,True,present_both
node,3678209533,,379.2,unknown,Unknown / unclassified,,,379.2,unknown,Unknown / unclassified,,True,True,present_both
node,3858435060,,388.6,unknown,Unknown / unclassified,,,388.6,unknown,Unknown / unclassified,,True,True,present_both
node,3858435061,,214.1,unknown,Unknown / unclassified,,,214.1,unknown,Unknown / unclassified,,True,True,present_both
node,5667438512,,215.1,unknown,Unknown / unclassified,,,215.1,unknown,Unknown / unclassified,,True,True,present_both
node,5667438516,,220.9,unknown,Unknown / unclassified,,,220.9,unknown,Unknown / unclassified,,True,True,present_both
node,5667441638,,257.7,unknown,Unknown / unclassified,,,257.7,unknown,Unknown / unclassified,,True,True,present_both
node,5667441643,,283.1,unknown,Unknown / unclassified,,,283.1,unknown,Unknown / unclassified,,True,True,present_both
node,5667441660,,231.9,unknown,Unknown / unclassified,,,231.9,unknown,Unknown / unclassified,,True,True,present_both
node,5667441670,,227.4,unknown,Unknown / unclassified,,,227.4,unknown,Unknown / unclassified,,True,True,present_both
node,5667441720,,245.4,unknown,Unknown / unclassified,,,245.4,unknown,Unknown / unclassified,,True,True,present_both
node,5667451015,,304.3,unknown,Unknown / unclassified,,,304.3,unknown,Unknown / unclassified,,True,True,present_both
node,5667451017,,325.8,unknown,Unknown / unclassified,,,325.8,unknown,Unknown / unclassified,,True,True,present_both
node,5667451019,,445.3,unknown,Unknown / unclassified,,,445.3,unknown,Unknown / unclassified,,True,True,present_both
node,5667451621,,464.7,unknown,Unknown / unclassified,,,464.7,unknown,Unknown / unclassified,,True,True,present_both
node,5667451624,,374.2,unknown,Unknown / unclassified,,,374.2,unknown,Unknown / unclassified,,True,True,present_both
node,5667451625,,288.5,unknown,Unknown / unclassified,,,288.5,unknown,Unknown / unclassified,,True,True,present_both
node,5667451626,,420.8,unknown,Unknown / unclassified,,,420.8,unknown,Unknown / unclassified,,True,True,present_both
node,5667451627,,306.2,unknown,Unknown / unclassified,,,306.2,unknown,Unknown / unclassified,,True,True,present_both
node,5667451628,,283.3,unknown,Unknown / unclassified,,,283.3,unknown,Unknown / unclassified,,True,True,present_both
node,5667451629,,410.1,unknown,Unknown / unclassified,,,410.1,unknown,Unknown / unclassified,,True,True,present_both
node,5667451631,,493.0,unknown,Unknown / unclassified,,,493.0,unknown,Unknown / unclassified,,True,True,present_both
node,5667451633,,378.2,unknown,Unknown / unclassified,,,378.2,unknown,Unknown / unclassified,,True,True,present_both
node,5667451634,,315.6,unknown,Unknown / unclassified,,,315.6,unknown,Unknown / unclassified,,True,True,present_both
node,5667451635,,363.3,unknown,Unknown / unclassified,,,363.3,unknown,Unknown / unclassified,,True,True,present_both
node,5667451639,,400.3,unknown,Unknown / unclassified,,,400.3,unknown,Unknown / unclassified,,True,True,present_both
node,5667451640,,490.1,unknown,Unknown / unclassified,,,490.1,unknown,Unknown / unclassified,,True,True,present_both
node,5667451650,,357.1,unknown,Unknown / unclassified,,,357.1,unknown,Unknown / unclassified,,True,True,present_both
node,5667451654,,343.8,unknown,Unknown / unclassified,,,343.8,unknown,Unknown / unclassified,,True,True,present_both
node,5667451656,,414.6,unknown,Unknown / unclassified,,,414.6,unknown,Unknown / unclassified,,True,True,present_both
node,5667451657,,342.7,unknown,Unknown / unclassified,,,342.7,unknown,Unknown / unclassified,,True,True,present_both
node,5667451658,,403.1,unknown,Unknown / unclassified,,,403.1,unknown,Unknown / unclassified,,True,True,present_both
node,5667451662,,307.8,unknown,Unknown / unclassified,,,307.8,unknown,Unknown / unclassified,,True,True,present_both
node,5667451663,,361.4,unknown,Unknown / unclassified,,,361.4,unknown,Unknown / unclassified,,True,True,present_both
node,5667451664,,356.6,unknown,Unknown / unclassified,,,356.6,unknown,Unknown / unclassified,,True,True,present_both
node,5667451666,,336.2,unknown,Unknown / unclassified,,,336.2,unknown,Unknown / unclassified,,True,True,present_both
node,5667451667,,311.3,unknown,Unknown / unclassified,,,311.3,unknown,Unknown / unclassified,,True,True,present_both
node,5667451669,,239.9,unknown,Unknown / unclassified,,,239.9,unknown,Unknown / unclassified,,True,True,present_both
node,5667451671,,470.6,unknown,Unknown / unclassified,,,470.6,unknown,Unknown / unclassified,,True,True,present_both
node,5667451676,,259.7,unknown,Unknown / unclassified,,,259.7,unknown,Unknown / unclassified,,True,True,present_both
node,5667451679,,417.2,unknown,Unknown / unclassified,,,417.2,unknown,Unknown / unclassified,,True,True,present_both
node,5667461122,,416.0,unknown,Unknown / unclassified,,,416.0,unknown,Unknown / unclassified,,True,True,present_both
node,5667461129,,439.6,unknown,Unknown / unclassified,,,439.6,unknown,Unknown / unclassified,,True,True,present_both
node,5667461130,,428.5,unknown,Unknown / unclassified,,,428.5,unknown,Unknown / unclassified,,True,True,present_both
node,5667461131,,489.2,unknown,Unknown / unclassified,,,489.2,unknown,Unknown / unclassified,,True,True,present_both
node,5667461134,,254.5,unknown,Unknown / unclassified,,,254.5,unknown,Unknown / unclassified,,True,True,present_both
node,5667461139,,487.5,unknown,Unknown / unclassified,,,487.5,unknown,Unknown / unclassified,,True,True,present_both
node,5667461143,,330.8,unknown,Unknown / unclassified,,,330.8,unknown,Unknown / unclassified,,True,True,present_both
node,5667461145,,417.6,unknown,Unknown / unclassified,,,417.6,unknown,Unknown / unclassified,,True,True,present_both
node,5667461146,,322.7,unknown,Unknown / unclassified,,,322.7,unknown,Unknown / unclassified,,True,True,present_both
node,5667461149,,398.6,unknown,Unknown / unclassified,,,398.6,unknown,Unknown / unclassified,,True,True,present_both
node,5667461151,,500.1,unknown,Unknown / unclassified,,,500.1,unknown,Unknown / unclassified,,True,True,present_both
node,5667461153,,461.1,unknown,Unknown / unclassified,,,461.1,unknown,Unknown / unclassified,,True,True,present_both
node,5667461154,,280.9,unknown,Unknown / unclassified,,,280.9,unknown,Unknown / unclassified,,True,True,present_both
node,5667461155,,477.5,unknown,Unknown / unclassified,,,477.5,unknown,Unknown / unclassified,,True,True,present_both
node,6154875298,,411.1,unknown,Unknown / unclassified,,,411.1,unknown,Unknown / unclassified,,True,True,present_both
node,6154875299,,439.2,unknown,Unknown / unclassified,,,439.2,unknown,Unknown / unclassified,,True,True,present_both
node,6154875300,,479.5,unknown,Unknown / unclassified,,,479.5,unknown,Unknown / unclassified,,True,True,present_both
node,6154875301,,490.0,unknown,Unknown / unclassified,,,490.0,unknown,Unknown / unclassified,,True,True,present_both
node,6154875302,,409.6,unknown,Unknown / unclassified,,,409.6,unknown,Unknown / unclassified,,True,True,present_both
node,6154875303,,334.0,unknown,Unknown / unclassified,,,334.0,unknown,Unknown / unclassified,,True,True,present_both
node,6154875304,,364.4,unknown,Unknown / unclassified,,,364.4,unknown,Unknown / unclassified,,True,True,present_both
node,6154875340,,492.0,unknown,Unknown / unclassified,,,492.0,unknown,Unknown / unclassified,,True,True,present_both
node,6154875343,,447.9,unknown,Unknown / unclassified,,,447.9,unknown,Unknown / unclassified,,True,True,present_both
node,6154875344,,444.6,unknown,Unknown / unclassified,,,444.6,unknown,Unknown / unclassified,,True,True,present_both
node,6154875345,,453.2,unknown,Unknown / unclassified,,,453.2,unknown,Unknown / unclassified,,True,True,present_both
node,6154875346,,462.5,unknown,Unknown / unclassified,,,462.5,unknown,Unknown / unclassified,,True,True,present_both
node,6154875347,,487.7,unknown,Unknown / unclassified,,,487.7,unknown,Unknown / unclassified,,True,True,present_both
node,6427495802,محله پریتقی,473.0,unknown,Unknown / unclassified,name=محله پریتقی; place=suburb,محله پریتقی,473.0,unknown,Unknown / unclassified,name=محله پریتقی; place=suburb,True,True,present_both
node,6669339081,,317.7,unknown,Unknown / unclassified,junction=yes,,317.7,unknown,Unknown / unclassified,junction=yes,True,True,present_both
node,6669339082,,307.3,unknown,Unknown / unclassified,junction=yes,,307.3,unknown,Unknown / unclassified,junction=yes,True,True,present_both
node,6669339083,,236.9,unknown,Unknown / unclassified,,,236.9,unknown,Unknown / unclassified,,True,True,present_both
node,6669339084,,223.0,unknown,Unknown / unclassified,,,223.0,unknown,Unknown / unclassified,,True,True,present_both
node,8198231368,,317.5,unknown,Unknown / unclassified,,,317.5,unknown,Unknown / unclassified,,True,True,present_both
node,8730075910,,252.8,unknown,Unknown / unclassified,,,252.8,unknown,Unknown / unclassified,,True,True,present_both
node,8730075911,,245.3,unknown,Unknown / unclassified,,,245.3,unknown,Unknown / unclassified,,True,True,present_both
node,8730075912,,241.4,unknown,Unknown / unclassified,,,241.4,unknown,Unknown / unclassified,,True,True,present_both
node,8730075913,,241.0,unknown,Unknown / unclassified,,,241.0,unknown,Unknown / unclassified,,True,True,present_both
node,8730075914,,244.4,unknown,Unknown / unclassified,,,244.4,unknown,Unknown / unclassified,,True,True,present_both
node,8730075915,,249.8,unknown,Unknown / unclassified,,,249.8,unknown,Unknown / unclassified,,True,True,present_both
node,8730075916,,255.3,unknown,Unknown / unclassified,,,255.3,unknown,Unknown / unclassified,,True,True,present_both
node,8730076017,,226.5,unknown,Unknown / unclassified,,,226.5,unknown,Unknown / unclassified,,True,True,present_both
node,8730076018,,243.3,unknown,Unknown / unclassified,,,243.3,unknown,Unknown / unclassified,,True,True,present_both
node,8730076021,,254.0,unknown,Unknown / unclassified,,,254.0,unknown,Unknown / unclassified,,True,True,present_both
node,8730076022,,230.8,unknown,Unknown / unclassified,,,230.8,unknown,Unknown / unclassified,,True,True,present_both
node,8730076023,,339.3,unknown,Unknown / unclassified,,,339.3,unknown,Unknown / unclassified,,True,True,present_both
node,8730076024,,345.7,unknown,Unknown / unclassified,,,345.7,unknown,Unknown / unclassified,,True,True,present_both
node,8730076025,,320.4,unknown,Unknown / unclassified,,,320.4,unknown,Unknown / unclassified,,True,True,present_both
node,8730076026,,313.0,unknown,Unknown / unclassified,,,313.0,unknown,Unknown / unclassified,,True,True,present_both
node,8730076027,مرکز تحقیقات کشاورزی شهرستان میناب,374.2,government_institutional,Government / institutional,name=مرکز تحقیقات کشاورزی شهرستان میناب; office=government,مرکز تحقیقات کشاورزی شهرستان میناب,374.2,government_institutional,Government / institutional,name=مرکز تحقیقات کشاورزی شهرستان میناب; office=government,True,True,present_both
node,8730076028,,284.6,unknown,Unknown / unclassified,amenity=atm; currency:IRR=yes; network=عابر بانک کشاورزی; operator=عابر بانک کشاورزی,,284.6,unknown,Unknown / unclassified,amenity=atm; currency:IRR=yes; network=عابر بانک کشاورزی; operator=عابر بانک کشاورزی,True,True,present_both
node,8730076029,,266.8,unknown,Unknown / unclassified,,,266.8,unknown,Unknown / unclassified,,True,True,present_both
node,8730076030,,238.0,unknown,Unknown / unclassified,,,238.0,unknown,Unknown / unclassified,,True,True,present_both
node,8730076031,,176.5,unknown,Unknown / unclassified,,,176.5,unknown,Unknown / unclassified,,True,True,present_both
node,8730076032,,214.4,unknown,Unknown / unclassified,,,214.4,unknown,Unknown / unclassified,,True,True,present_both
node,8730076033,آهن آلات زارع,446.7,civilian_general,Civilian general,name=آهن آلات زارع; shop=yes,آهن آلات زارع,446.7,civilian_general,Civilian general,name=آهن آلات زارع; shop=yes,True,True,present_both
node,8730076034,اداره آب و فاضلاب,318.3,government_institutional,Government / institutional,name=اداره آب و فاضلاب; office=government,اداره آب و فاضلاب,318.3,government_institutional,Government / institutional,name=اداره آب و فاضلاب; office=government,True,True,present_both
node,8730085550,,290.7,unknown,Unknown / unclassified,,,290.7,unknown,Unknown / unclassified,,True,True,present_both
node,8730085551,,226.4,unknown,Unknown / unclassified,,,226.4,unknown,Unknown / unclassified,,True,True,present_both
node,8730085552,,28.8,unknown,Unknown / unclassified,,,28.8,unknown,Unknown / unclassified,,True,True,present_both
node,8730085553,,71.6,unknown,Unknown / unclassified,,,71.6,unknown,Unknown / unclassified,,True,True,present_both
node,8730085554,,162.5,unknown,Unknown / unclassified,,,162.5,unknown,Unknown / unclassified,,True,True,present_both
node,8730085555,,236.9,unknown,Unknown / unclassified,,,236.9,unknown,Unknown / unclassified,,True,True,present_both
node,8744297895,,220.3,unknown,Unknown / unclassified,,,220.3,unknown,Unknown / unclassified,,True,True,present_both
node,8744297896,,222.8,unknown,Unknown / unclassified,,,222.8,unknown,Unknown / unclassified,,True,True,present_both
node,8744297897,,238.2,unknown,Unknown / unclassified,,,238.2,unknown,Unknown / unclassified,,True,True,present_both
node,8744297898,,241.5,unknown,Unknown / unclassified,,,241.5,unknown,Unknown / unclassified,,True,True,present_both
node,8754412628,,307.0,unknown,Unknown / unclassified,,,307.0,unknown,Unknown / unclassified,,True,True,present_both
node,8754412629,,229.8,unknown,Unknown / unclassified,,,229.8,unknown,Unknown / unclassified,,True,True,present_both
node,8754412630,,178.0,unknown,Unknown / unclassified,,,178.0,unknown,Unknown / unclassified,,True,True,present_both
node,8754412631,,119.7,unknown,Unknown / unclassified,,,119.7,unknown,Unknown / unclassified,,True,True,present_both
node,8754412632,,90.0,unknown,Unknown / unclassified,,,90.0,unknown,Unknown / unclassified,,True,True,present_both
node,8754412633,,165.6,unknown,Unknown / unclassified,,,165.6,unknown,Unknown / unclassified,,True,True,present_both
node,8754412634,,168.6,unknown,Unknown / unclassified,,,168.6,unknown,Unknown / unclassified,,True,True,present_both
node,8754412635,,210.5,unknown,Unknown / unclassified,,,210.5,unknown,Unknown / unclassified,,True,True,present_both
node,8754412636,,224.3,unknown,Unknown / unclassified,,,224.3,unknown,Unknown / unclassified,,True,True,present_both
node,8754412637,,276.9,unknown,Unknown / unclassified,,,276.9,unknown,Unknown / unclassified,,True,True,present_both
node,8754412638,,309.7,unknown,Unknown / unclassified,,,309.7,unknown,Unknown / unclassified,,True,True,present_both
node,8754412639,,386.2,unknown,Unknown / unclassified,,,386.2,unknown,Unknown / unclassified,,True,True,present_both
node,8754412640,,421.0,unknown,Unknown / unclassified,,,421.0,unknown,Unknown / unclassified,,True,True,present_both
node,8754412641,,456.1,unknown,Unknown / unclassified,,,456.1,unknown,Unknown / unclassified,,True,True,present_both
node,8754412642,,448.6,unknown,Unknown / unclassified,,,448.6,unknown,Unknown / unclassified,,True,True,present_both
node,8754412643,,481.3,unknown,Unknown / unclassified,,,481.3,unknown,Unknown / unclassified,,True,True,present_both
node,8754412658,,424.2,unknown,Unknown / unclassified,,,424.2,unknown,Unknown / unclassified,,True,True,present_both
node,8766209010,,371.8,unknown,Unknown / unclassified,,,371.8,unknown,Unknown / unclassified,,True,True,present_both
node,8766209011,,357.2,unknown,Unknown / unclassified,,,357.2,unknown,Unknown / unclassified,,True,True,present_both
node,8766209012,,360.6,unknown,Unknown / unclassified,,,360.6,unknown,Unknown / unclassified,,True,True,present_both
node,8780364705,,388.6,unknown,Unknown / unclassified,,,388.6,unknown,Unknown / unclassified,,True,True,present_both
node,8787174499,,286.1,unknown,Unknown / unclassified,,,286.1,unknown,Unknown / unclassified,,True,True,present_both
node,8787174500,,375.6,unknown,Unknown / unclassified,,,375.6,unknown,Unknown / unclassified,,True,True,present_both
node,8787174504,,297.0,unknown,Unknown / unclassified,,,297.0,unknown,Unknown / unclassified,,True,True,present_both
node,8787174505,,302.3,unknown,Unknown / unclassified,,,302.3,unknown,Unknown / unclassified,,True,True,present_both
node,8787174506,,288.9,unknown,Unknown / unclassified,,,288.9,unknown,Unknown / unclassified,,True,True,present_both
node,8787174507,,282.3,unknown,Unknown / unclassified,,,282.3,unknown,Unknown / unclassified,,True,True,present_both
node,8787174508,,279.4,infrastructure_access,Infrastructure / access,access=no; barrier=gate; bicycle=no; foot=yes; height=3; horse=no; motor_vehicle=yes; wheelchair=yes,,279.4,infrastructure_access,Infrastructure / access,access=no; barrier=gate; bicycle=no; foot=yes; height=3; horse=no; motor_vehicle=yes; wheelchair=yes,True,True,present_both
node,8787265701,,400.2,unknown,Unknown / unclassified,,,400.2,unknown,Unknown / unclassified,,True,True,present_both
node,8787265702,,374.0,unknown,Unknown / unclassified,,,374.0,unknown,Unknown / unclassified,,True,True,present_both
node,8792960964,,477.4,unknown,Unknown / unclassified,,,477.4,unknown,Unknown / unclassified,,True,True,present_both
node,8792960965,,454.7,unknown,Unknown / unclassified,,,454.7,unknown,Unknown / unclassified,,True,True,present_both
node,8792960966,,450.1,unknown,Unknown / unclassified,,,450.1,unknown,Unknown / unclassified,,True,True,present_both
node,8792960967,,436.1,unknown,Unknown / unclassified,,,436.1,unknown,Unknown / unclassified,,True,True,present_both
node,8792960968,,467.3,unknown,Unknown / unclassified,,,467.3,unknown,Unknown / unclassified,,True,True,present_both
node,8792960969,,436.7,unknown,Unknown / unclassified,,,436.7,unknown,Unknown / unclassified,,True,True,present_both
node,8792960981,,335.4,unknown,Unknown / unclassified,,,335.4,unknown,Unknown / unclassified,,True,True,present_both
node,8792960982,,354.6,unknown,Unknown / unclassified,,,354.6,unknown,Unknown / unclassified,,True,True,present_both
node,8792960983,,368.6,unknown,Unknown / unclassified,,,368.6,unknown,Unknown / unclassified,,True,True,present_both
node,8792960984,,381.4,unknown,Unknown / unclassified,,,381.4,unknown,Unknown / unclassified,,True,True,present_both
node,8792960985,,393.5,unknown,Unknown / unclassified,,,393.5,unknown,Unknown / unclassified,,True,True,present_both
node,8792960986,,396.7,unknown,Unknown / unclassified,,,396.7,unknown,Unknown / unclassified,,True,True,present_both
node,8792960987,,419.3,unknown,Unknown / unclassified,,,419.3,unknown,Unknown / unclassified,,True,True,present_both
node,8792960988,,431.5,unknown,Unknown / unclassified,,,431.5,unknown,Unknown / unclassified,,True,True,present_both
node,8792960989,,262.0,unknown,Unknown / unclassified,,,262.0,unknown,Unknown / unclassified,,True,True,present_both
node,8792960990,,199.5,unknown,Unknown / unclassified,,,199.5,unknown,Unknown / unclassified,,True,True,present_both
node,8792960991,,207.1,unknown,Unknown / unclassified,,,207.1,unknown,Unknown / unclassified,,True,True,present_both
node,8792960992,,299.0,unknown,Unknown / unclassified,,,299.0,unknown,Unknown / unclassified,,True,True,present_both
node,8792960993,,286.5,unknown,Unknown / unclassified,,,286.5,unknown,Unknown / unclassified,,True,True,present_both
node,8792963940,,496.1,unknown,Unknown / unclassified,,,496.1,unknown,Unknown / unclassified,,True,True,present_both
node,8792963941,,382.4,unknown,Unknown / unclassified,,,382.4,unknown,Unknown / unclassified,,True,True,present_both
node,8792963942,,311.5,unknown,Unknown / unclassified,,,311.5,unknown,Unknown / unclassified,,True,True,present_both
node,8792963943,,225.4,unknown,Unknown / unclassified,,,225.4,unknown,Unknown / unclassified,,True,True,present_both
node,8792963944,,211.2,unknown,Unknown / unclassified,,,211.2,unknown,Unknown / unclassified,,True,True,present_both
node,8792963945,,258.5,unknown,Unknown / unclassified,,,258.5,unknown,Unknown / unclassified,,True,True,present_both
node,8792963946,,348.2,unknown,Unknown / unclassified,,,348.2,unknown,Unknown / unclassified,,True,True,present_both
node,8792963947,,456.7,unknown,Unknown / unclassified,,,456.7,unknown,Unknown / unclassified,,True,True,present_both
node,8810404337,,277.2,unknown,Unknown / unclassified,,,277.2,unknown,Unknown / unclassified,,True,True,present_both
node,8810404388,,309.9,unknown,Unknown / unclassified,,,309.9,unknown,Unknown / unclassified,,True,True,present_both
node,8810404389,,331.5,unknown,Unknown / unclassified,,,331.5,unknown,Unknown / unclassified,,True,True,present_both
node,8810404390,,369.1,unknown,Unknown / unclassified,,,369.1,unknown,Unknown / unclassified,,True,True,present_both
node,8810404391,,341.9,unknown,Unknown / unclassified,,,341.9,unknown,Unknown / unclassified,,True,True,present_both
node,8810404450,,379.9,unknown,Unknown / unclassified,,,379.9,unknown,Unknown / unclassified,,True,True,present_both
node,8810404451,,412.9,unknown,Unknown / unclassified,,,412.9,unknown,Unknown / unclassified,,True,True,present_both
node,8810404452,,455.6,unknown,Unknown / unclassified,,,455.6,unknown,Unknown / unclassified,,True,True,present_both
node,8810404453,,491.2,unknown,Unknown / unclassified,,,491.2,unknown,Unknown / unclassified,,True,True,present_both
node,8810404484,,469.0,unknown,Unknown / unclassified,,,469.0,unknown,Unknown / unclassified,,True,True,present_both
node,8810404485,,460.6,unknown,Unknown / unclassified,,,460.6,unknown,Unknown / unclassified,,True,True,present_both
node,8810404486,,462.9,unknown,Unknown / unclassified,,,462.9,unknown,Unknown / unclassified,,True,True,present_both
node,8810404487,,452.8,unknown,Unknown / unclassified,,,452.8,unknown,Unknown / unclassified,,True,True,present_both
node,8810404488,,464.7,unknown,Unknown / unclassified,,,464.7,unknown,Unknown / unclassified,,True,True,present_both
node,8810404489,,482.7,unknown,Unknown / unclassified,,,482.7,unknown,Unknown / unclassified,,True,True,present_both
node,8810404490,,499.2,unknown,Unknown / unclassified,,,499.2,unknown,Unknown / unclassified,,True,True,present_both
node,8810404491,,483.8,unknown,Unknown / unclassified,,,483.8,unknown,Unknown / unclassified,,True,True,present_both
node,8810404494,,396.5,unknown,Unknown / unclassified,,,396.5,unknown,Unknown / unclassified,,True,True,present_both
node,8810404495,,383.5,unknown,Unknown / unclassified,,,383.5,unknown,Unknown / unclassified,,True,True,present_both
node,8810404496,,387.3,unknown,Unknown / unclassified,,,387.3,unknown,Unknown / unclassified,,True,True,present_both
node,8810404497,,400.5,unknown,Unknown / unclassified,,,400.5,unknown,Unknown / unclassified,,True,True,present_both
node,8810994209,لوله و اتصالات ناظری,486.6,civilian_general,Civilian general,name=لوله و اتصالات ناظری; shop=yes,لوله و اتصالات ناظری,486.6,civilian_general,Civilian general,name=لوله و اتصالات ناظری; shop=yes,True,True,present_both
node,8810994213,تعمیرگاه جنوب,498.3,civilian_general,Civilian general,name=تعمیرگاه جنوب; shop=car_repair,تعمیرگاه جنوب,498.3,civilian_general,Civilian general,name=تعمیرگاه جنوب; shop=car_repair,True,True,present_both
node,8810994214,آهن آلات شیخ آبادی,380.1,civilian_general,Civilian general,name=آهن آلات شیخ آبادی; shop=yes,آهن آلات شیخ آبادی,380.1,civilian_general,Civilian general,name=آهن آلات شیخ آبادی; shop=yes,True,True,present_both
node,8810994215,اداره شیلات میناب,358.3,government_institutional,Government / institutional,name=اداره شیلات میناب; office=government,اداره شیلات میناب,358.3,government_institutional,Government / institutional,name=اداره شیلات میناب; office=government,True,True,present_both
node,8810994216,کلینیک کشاورزی مروارید,268.6,civilian_general,Civilian general,name=کلینیک کشاورزی مروارید; shop=agrarian,کلینیک کشاورزی مروارید,268.6,civilian_general,Civilian general,name=کلینیک کشاورزی مروارید; shop=agrarian,True,True,present_both
node,8819164501,,458.7,unknown,Unknown / unclassified,,,458.7,unknown,Unknown / unclassified,,True,True,present_both
node,8819164502,,431.6,unknown,Unknown / unclassified,,,431.6,unknown,Unknown / unclassified,,True,True,present_both
node,8819164504,,412.0,unknown,Unknown / unclassified,,,412.0,unknown,Unknown / unclassified,,True,True,present_both
node,8819164505,,498.2,unknown,Unknown / unclassified,,,498.2,unknown,Unknown / unclassified,,True,True,present_both
node,8819174917,,478.6,unknown,Unknown / unclassified,,,478.6,unknown,Unknown / unclassified,,True,True,present_both
node,8819174918,,447.8,unknown,Unknown / unclassified,,,447.8,unknown,Unknown / unclassified,,True,True,present_both
node,8819174920,,334.1,unknown,Unknown / unclassified,,,334.1,unknown,Unknown / unclassified,,True,True,present_both
node,8819174921,,251.7,unknown,Unknown / unclassified,,,251.7,unknown,Unknown / unclassified,,True,True,present_both
node,8819174922,,159.5,unknown,Unknown / unclassified,,,159.5,unknown,Unknown / unclassified,,True,True,present_both
node,8819174923,,168.9,unknown,Unknown / unclassified,,,168.9,unknown,Unknown / unclassified,,True,True,present_both
node,8819174924,,94.0,unknown,Unknown / unclassified,,,94.0,unknown,Unknown / unclassified,,True,True,present_both
node,8819174925,,105.4,unknown,Unknown / unclassified,,,105.4,unknown,Unknown / unclassified,,True,True,present_both
node,8819174926,,89.3,unknown,Unknown / unclassified,,,89.3,unknown,Unknown / unclassified,,True,True,present_both
node,8819174927,,169.3,unknown,Unknown / unclassified,,,169.3,unknown,Unknown / unclassified,,True,True,present_both
node,8819174928,,184.1,unknown,Unknown / unclassified,,,184.1,unknown,Unknown / unclassified,,True,True,present_both
node,8819174929,,263.2,unknown,Unknown / unclassified,,,263.2,unknown,Unknown / unclassified,,True,True,present_both
node,8819174930,,206.9,unknown,Unknown / unclassified,,,206.9,unknown,Unknown / unclassified,,True,True,present_both
node,8819174931,,220.1,unknown,Unknown / unclassified,,,220.1,unknown,Unknown / unclassified,,True,True,present_both
node,8819174932,,230.7,unknown,Unknown / unclassified,,,230.7,unknown,Unknown / unclassified,,True,True,present_both
node,8819174933,,211.6,unknown,Unknown / unclassified,,,211.6,unknown,Unknown / unclassified,,True,True,present_both
node,8819174934,,224.5,unknown,Unknown / unclassified,,,224.5,unknown,Unknown / unclassified,,True,True,present_both
node,8819174935,,297.9,unknown,Unknown / unclassified,,,297.9,unknown,Unknown / unclassified,,True,True,present_both
node,8819174936,,320.0,unknown,Unknown / unclassified,,,320.0,unknown,Unknown / unclassified,,True,True,present_both
node,8819174937,,326.4,unknown,Unknown / unclassified,,,326.4,unknown,Unknown / unclassified,,True,True,present_both
node,8819174938,,321.5,unknown,Unknown / unclassified,,,321.5,unknown,Unknown / unclassified,,True,True,present_both
node,8819174939,,254.5,unknown,Unknown / unclassified,,,254.5,unknown,Unknown / unclassified,,True,True,present_both
node,8819174940,,272.5,unknown,Unknown / unclassified,,,272.5,unknown,Unknown / unclassified,,True,True,present_both
node,8819174941,,328.1,unknown,Unknown / unclassified,,,328.1,unknown,Unknown / unclassified,,True,True,present_both
node,8819174942,,313.2,unknown,Unknown / unclassified,,,313.2,unknown,Unknown / unclassified,,True,True,present_both
node,8819174943,,256.2,unknown,Unknown / unclassified,,,256.2,unknown,Unknown / unclassified,,True,True,present_both
node,8819174944,,274.0,unknown,Unknown / unclassified,,,274.0,unknown,Unknown / unclassified,,True,True,present_both
node,8819174945,,404.9,unknown,Unknown / unclassified,,,404.9,unknown,Unknown / unclassified,,True,True,present_both
node,8819174946,,371.2,unknown,Unknown / unclassified,,,371.2,unknown,Unknown / unclassified,,True,True,present_both
node,8819174947,,324.7,unknown,Unknown / unclassified,,,324.7,unknown,Unknown / unclassified,,True,True,present_both
node,8819174948,,498.7,unknown,Unknown / unclassified,,,498.7,unknown,Unknown / unclassified,,True,True,present_both
node,8819174951,,367.9,unknown,Unknown / unclassified,,,367.9,unknown,Unknown / unclassified,,True,True,present_both
node,8819174952,,412.1,unknown,Unknown / unclassified,,,412.1,unknown,Unknown / unclassified,,True,True,present_both
node,8819174953,,478.0,unknown,Unknown / unclassified,,,478.0,unknown,Unknown / unclassified,,True,True,present_both
node,8819174954,,461.1,unknown,Unknown / unclassified,,,461.1,unknown,Unknown / unclassified,,True,True,present_both
node,8819174955,,427.7,unknown,Unknown / unclassified,,,427.7,unknown,Unknown / unclassified,,True,True,present_both
node,8819174956,,448.5,unknown,Unknown / unclassified,,,448.5,unknown,Unknown / unclassified,,True,True,present_both
node,8819174995,,464.8,unknown,Unknown / unclassified,,,464.8,unknown,Unknown / unclassified,,True,True,present_both
node,8819175010,,323.9,unknown,Unknown / unclassified,,,323.9,unknown,Unknown / unclassified,,True,True,present_both
node,8819175011,,329.3,unknown,Unknown / unclassified,,,329.3,unknown,Unknown / unclassified,,True,True,present_both
node,8819175012,,332.5,unknown,Unknown / unclassified,,,332.5,unknown,Unknown / unclassified,,True,True,present_both
node,8819175013,,215.0,unknown,Unknown / unclassified,,,215.0,unknown,Unknown / unclassified,,True,True,present_both
node,8819175014,,145.6,unknown,Unknown / unclassified,,,145.6,unknown,Unknown / unclassified,,True,True,present_both
node,8819175015,,56.1,unknown,Unknown / unclassified,,,56.1,unknown,Unknown / unclassified,,True,True,present_both
node,8819175016,,213.2,unknown,Unknown / unclassified,,,213.2,unknown,Unknown / unclassified,,True,True,present_both
node,8819175017,,116.8,unknown,Unknown / unclassified,,,116.8,unknown,Unknown / unclassified,,True,True,present_both
node,8819175018,,184.3,unknown,Unknown / unclassified,,,184.3,unknown,Unknown / unclassified,,True,True,present_both
node,8855569029,,466.2,unknown,Unknown / unclassified,,,466.2,unknown,Unknown / unclassified,,True,True,present_both
node,8855569030,,387.1,unknown,Unknown / unclassified,,,387.1,unknown,Unknown / unclassified,,True,True,present_both
node,8855569031,,409.0,unknown,Unknown / unclassified,,,409.0,unknown,Unknown / unclassified,,True,True,present_both
node,8886927728,,455.4,unknown,Unknown / unclassified,,,455.4,unknown,Unknown / unclassified,,True,True,present_both
node,8886927729,,439.2,unknown,Unknown / unclassified,,,439.2,unknown,Unknown / unclassified,,True,True,present_both
node,8887132345,,303.0,unknown,Unknown / unclassified,,,303.0,unknown,Unknown / unclassified,,True,True,present_both
node,8887132346,,281.6,unknown,Unknown / unclassified,,,281.6,unknown,Unknown / unclassified,,True,True,present_both
node,8887132347,,296.9,unknown,Unknown / unclassified,,,296.9,unknown,Unknown / unclassified,,True,True,present_both
node,8887132348,,317.3,unknown,Unknown / unclassified,,,317.3,unknown,Unknown / unclassified,,True,True,present_both
node,8887132349,,374.9,unknown,Unknown / unclassified,,,374.9,unknown,Unknown / unclassified,,True,True,present_both
node,8887132350,,355.9,unknown,Unknown / unclassified,,,355.9,unknown,Unknown / unclassified,,True,True,present_both
node,8887132351,,368.0,unknown,Unknown / unclassified,,,368.0,unknown,Unknown / unclassified,,True,True,present_both
node,8887132352,,386.5,unknown,Unknown / unclassified,,,386.5,unknown,Unknown / unclassified,,True,True,present_both
node,8887132353,,253.3,unknown,Unknown / unclassified,,,253.3,unknown,Unknown / unclassified,,True,True,present_both
node,8887132354,,236.3,unknown,Unknown / unclassified,,,236.3,unknown,Unknown / unclassified,,True,True,present_both
node,8887132355,,248.3,unknown,Unknown / unclassified,,,248.3,unknown,Unknown / unclassified,,True,True,present_both
node,8887132356,,264.5,unknown,Unknown / unclassified,,,264.5,unknown,Unknown / unclassified,,True,True,present_both
node,8887132357,,247.1,unknown,Unknown / unclassified,,,247.1,unknown,Unknown / unclassified,,True,True,present_both
node,8887132358,,230.1,unknown,Unknown / unclassified,,,230.1,unknown,Unknown / unclassified,,True,True,present_both
node,8887132359,,239.5,unknown,Unknown / unclassified,,,239.5,unknown,Unknown / unclassified,,True,True,present_both
node,8887132360,,255.9,unknown,Unknown / unclassified,,,255.9,unknown,Unknown / unclassified,,True,True,present_both
node,8906538400,,306.4,unknown,Unknown / unclassified,direction=both; traffic_calming=bump,,306.4,unknown,Unknown / unclassified,direction=both; traffic_calming=bump,True,True,present_both
node,10234655198,,466.7,unknown,Unknown / unclassified,,,466.7,unknown,Unknown / unclassified,,True,True,present_both
node,10234655200,,447.5,unknown,Unknown / unclassified,,,447.5,unknown,Unknown / unclassified,,True,True,present_both
node,10234655201,,484.3,unknown,Unknown / unclassified,,,484.3,unknown,Unknown / unclassified,,True,True,present_both
node,10234655286,,435.9,unknown,Unknown / unclassified,,,435.9,unknown,Unknown / unclassified,,True,True,present_both
node,10234655287,,364.6,unknown,Unknown / unclassified,,,364.6,unknown,Unknown / unclassified,,True,True,present_both
node,10234655288,,172.4,unknown,Unknown / unclassified,,,172.4,unknown,Unknown / unclassified,,True,True,present_both
node,10234655289,,180.8,unknown,Unknown / unclassified,,,180.8,unknown,Unknown / unclassified,,True,True,present_both
node,10234655290,,297.8,unknown,Unknown / unclassified,,,297.8,unknown,Unknown / unclassified,,True,True,present_both
node,10234655291,,454.5,unknown,Unknown / unclassified,,,454.5,unknown,Unknown / unclassified,,True,True,present_both
node,10234655788,,362.1,unknown,Unknown / unclassified,,,362.1,unknown,Unknown / unclassified,,True,True,present_both
node,10234655789,,155.8,unknown,Unknown / unclassified,,,155.8,unknown,Unknown / unclassified,,True,True,present_both
node,10234655790,,456.9,unknown,Unknown / unclassified,,,456.9,unknown,Unknown / unclassified,,True,True,present_both
node,10301119067,,496.9,unknown,Unknown / unclassified,,,496.9,unknown,Unknown / unclassified,,True,True,present_both
node,10301119068,,480.4,unknown,Unknown / unclassified,,,480.4,unknown,Unknown / unclassified,,True,True,present_both
node,10721934479,,325.0,unknown,Unknown / unclassified,,,325.0,unknown,Unknown / unclassified,,True,True,present_both
node,10816078297,سوپرمارکت مالک حسن پور,457.6,civilian_general,Civilian general,name=سوپرمارکت مالک حسن پور; shop=convenience,سوپرمارکت مالک حسن پور,457.6,civilian_general,Civilian general,name=سوپرمارکت مالک حسن پور; shop=convenience,True,True,present_both
node,11506030546,,489.1,unknown,Unknown / unclassified,,,489.1,unknown,Unknown / unclassified,,True,True,present_both
node,11506030547,,448.5,unknown,Unknown / unclassified,,,448.5,unknown,Unknown / unclassified,,True,True,present_both
node,11506030548,,448.7,unknown,Unknown / unclassified,,,448.7,unknown,Unknown / unclassified,,True,True,present_both
node,11506030549,,477.2,unknown,Unknown / unclassified,,,477.2,unknown,Unknown / unclassified,,True,True,present_both
node,11506030550,,480.3,unknown,Unknown / unclassified,,,480.3,unknown,Unknown / unclassified,,True,True,present_both
node,11506030551,,491.4,unknown,Unknown / unclassified,,,491.4,unknown,Unknown / unclassified,,True,True,present_both
node,11506030552,,474.6,unknown,Unknown / unclassified,,,474.6,unknown,Unknown / unclassified,,True,True,present_both
node,11506030553,,379.4,unknown,Unknown / unclassified,,,379.4,unknown,Unknown / unclassified,,True,True,present_both
node,11506030554,,294.4,unknown,Unknown / unclassified,,,294.4,unknown,Unknown / unclassified,,True,True,present_both
node,11506030555,,323.4,unknown,Unknown / unclassified,,,323.4,unknown,Unknown / unclassified,,True,True,present_both
node,11506030556,,366.1,unknown,Unknown / unclassified,,,366.1,unknown,Unknown / unclassified,,True,True,present_both
node,11506030557,,374.3,unknown,Unknown / unclassified,,,374.3,unknown,Unknown / unclassified,,True,True,present_both
node,11506030558,,451.5,unknown,Unknown / unclassified,,,451.5,unknown,Unknown / unclassified,,True,True,present_both
node,11506030559,,482.9,unknown,Unknown / unclassified,,,482.9,unknown,Unknown / unclassified,,True,True,present_both
node,11506030560,,493.3,unknown,Unknown / unclassified,,,493.3,unknown,Unknown / unclassified,,True,True,present_both
node,11506030561,,326.3,unknown,Unknown / unclassified,,,326.3,unknown,Unknown / unclassified,,True,True,present_both
node,11506030562,,304.7,unknown,Unknown / unclassified,,,304.7,unknown,Unknown / unclassified,,True,True,present_both
node,11506030563,,301.1,unknown,Unknown / unclassified,,,301.1,unknown,Unknown / unclassified,,True,True,present_both
node,11506030564,,297.8,unknown,Unknown / unclassified,,,297.8,unknown,Unknown / unclassified,,True,True,present_both
node,11506030565,,298.2,unknown,Unknown / unclassified,,,298.2,unknown,Unknown / unclassified,,True,True,present_both
node,11506030566,,282.2,unknown,Unknown / unclassified,,,282.2,unknown,Unknown / unclassified,,True,True,present_both
node,11506030567,,339.9,unknown,Unknown / unclassified,,,339.9,unknown,Unknown / unclassified,,True,True,present_both
node,11506030568,,305.6,unknown,Unknown / unclassified,,,305.6,unknown,Unknown / unclassified,,True,True,present_both
node,11506046369,,305.9,unknown,Unknown / unclassified,,,305.9,unknown,Unknown / unclassified,,True,True,present_both
node,11506046370,,307.7,unknown,Unknown / unclassified,,,307.7,unknown,Unknown / unclassified,,True,True,present_both
node,11506046371,,319.3,unknown,Unknown / unclassified,,,319.3,unknown,Unknown / unclassified,,True,True,present_both
node,11506046372,,327.6,unknown,Unknown / unclassified,,,327.6,unknown,Unknown / unclassified,,True,True,present_both
node,11506056498,,359.2,unknown,Unknown / unclassified,,,359.2,unknown,Unknown / unclassified,,True,True,present_both
node,12088002475,,451.6,unknown,Unknown / unclassified,,,451.6,unknown,Unknown / unclassified,,True,True,present_both
node,12088002476,,415.7,unknown,Unknown / unclassified,,,415.7,unknown,Unknown / unclassified,,True,True,present_both
node,13055695669,,398.2,unknown,Unknown / unclassified,,,398.2,unknown,Unknown / unclassified,,True,True,present_both
relation,8794901,جاده ۹۱,367658.2,unknown,Unknown / unclassified,distance=1420; from=Feyzabad; name=جاده ۹۱; name:en=Road 91 (Iran); name:ko=국도 제91호선 (이란); name:tr=Karayolu 91 (İran); network=IR:national; ref=91; ref:fa=۹۱; route=road; to=Jask; type=route; wikidata=Q4811985; wikipedia=fa:جاده ۹۱ (ایران),جاده ۹۱,367658.2,unknown,Unknown / unclassified,distance=1420; from=Feyzabad; name=جاده ۹۱; name:en=Road 91 (Iran); name:ko=국도 제91호선 (이란); name:tr=Karayolu 91 (İran); network=IR:national; ref=91; ref:fa=۹۱; route=road; to=Jask; type=route; wikidata=Q4811985; wikipedia=fa:جاده ۹۱ (ایران),True,True,present_both
relation,12742529,پریتقی-پزیتکی,627.9,unknown,Unknown / unclassified,boundary=place; name=پریتقی-پزیتکی; name:en=paritaghi; type=boundary,پریتقی-پزیتکی,627.9,unknown,Unknown / unclassified,boundary=place; name=پریتقی-پزیتکی; name:en=paritaghi; type=boundary,True,True,present_both
relation,12742694,میناب,2637.5,civilian_general,Civilian general,landuse=residential; name=میناب; type=multipolygon,میناب,2637.5,civilian_general,Civilian general,landuse=residential; name=میناب; type=multipolygon,True,True,present_both
relation,12800250,کریم آباد,929.7,unknown,Unknown / unclassified,admin_level=11; boundary=administrative; name=کریم آباد; type=boundary,کریم آباد,929.7,unknown,Unknown / unclassified,admin_level=11; boundary=administrative; name=کریم آباد; type=boundary,True,True,present_both
relation,15627951,,312.4,unknown,Unknown / unclassified,route=road; type=route,,312.4,unknown,Unknown / unclassified,route=road; type=route,True,True,present_both
relation,15627960,,252.0,unknown,Unknown / unclassified,route=road; type=route,,252.0,unknown,Unknown / unclassified,route=road; type=route,True,True,present_both
way,183918804,بلوار رسالت,235.1,infrastructure_access,Infrastructure / access,highway=primary; lanes=3; maxspeed=60; name=بلوار رسالت; name:en=Resalat Boulevard; oneway=yes; ref=91,بلوار رسالت,235.1,infrastructure_access,Infrastructure / access,highway=primary; lanes=3; maxspeed=60; name=بلوار رسالت; name:en=Resalat Boulevard; oneway=yes; ref=91,True,True,present_both
way,183918809,بلوار رسالت,264.1,infrastructure_access,Infrastructure / access,highway=primary; lanes=3; name=بلوار رسالت; name:en=Resalat Boulevard; oneway=yes; ref=91,بلوار رسالت,264.1,infrastructure_access,Infrastructure / access,highway=primary; lanes=3; name=بلوار رسالت; name:en=Resalat Boulevard; oneway=yes; ref=91,True,True,present_both
way,363654756,,2585.9,unknown,Unknown / unclassified,,,2585.9,unknown,Unknown / unclassified,,True,True,present_both
way,594311559,بلوار المهدی,1073.9,infrastructure_access,Infrastructure / access,highway=tertiary; name=بلوار المهدی; oneway=yes,بلوار المهدی,1073.9,infrastructure_access,Infrastructure / access,highway=tertiary; name=بلوار المهدی; oneway=yes,True,True,present_both
way,594312765,,384.0,infrastructure_access,Infrastructure / access,highway=residential,,384.0,infrastructure_access,Infrastructure / access,highway=residential,True,True,present_both
way,594312771,رسالت دهم,275.3,infrastructure_access,Infrastructure / access,highway=residential; name=رسالت دهم,رسالت دهم,275.3,infrastructure_access,Infrastructure / access,highway=residential; name=رسالت دهم,True,True,present_both
way,594312775,,393.2,infrastructure_access,Infrastructure / access,highway=residential,,393.2,infrastructure_access,Infrastructure / access,highway=residential,True,True,present_both
way,594312776,,592.2,infrastructure_access,Infrastructure / access,highway=residential,,592.2,infrastructure_access,Infrastructure / access,highway=residential,True,True,present_both
way,594312777,رسالت یازدهم,379.3,infrastructure_access,Infrastructure / access,highway=residential; name=رسالت یازدهم,رسالت یازدهم,379.3,infrastructure_access,Infrastructure / access,highway=residential; name=رسالت یازدهم,True,True,present_both
way,594312779,کوچه ۶۴,603.4,infrastructure_access,Infrastructure / access,alt_name=شهید حسن مسلمی; highway=residential; name=کوچه ۶۴,کوچه ۶۴,603.4,infrastructure_access,Infrastructure / access,alt_name=شهید حسن مسلمی; highway=residential; name=کوچه ۶۴,True,True,present_both
way,594312781,,509.1,infrastructure_access,Infrastructure / access,highway=residential,,509.1,infrastructure_access,Infrastructure / access,highway=residential,True,True,present_both
way,594312782,,447.5,infrastructure_access,Infrastructure / access,highway=residential,,447.5,infrastructure_access,Infrastructure / access,highway=residential,True,True,present_both
way,594314398,,487.2,infrastructure_access,Infrastructure / access,highway=residential,,487.2,infrastructure_access,Infrastructure / access,highway=residential,True,True,present_both
way,594314399,,446.6,infrastructure_access,Infrastructure / access,highway=residential,,446.6,infrastructure_access,Infrastructure / access,highway=residential,True,True,present_both
way,594314400,,564.8,infrastructure_access,Infrastructure / access,highway=residential,,564.8,infrastructure_access,Infrastructure / access,highway=residential,True,True,present_both
way,594314405,,348.6,infrastructure_access,Infrastructure / access,highway=residential,,348.6,infrastructure_access,Infrastructure / access,highway=residential,True,True,present_both
way,657133558,,450.4,infrastructure_access,Infrastructure / access,highway=residential,,450.4,infrastructure_access,Infrastructure / access,highway=residential,True,True,present_both
way,657133559,,449.8,infrastructure_access,Infrastructure / access,highway=residential,,449.8,infrastructure_access,Infrastructure / access,highway=residential,True,True,present_both
way,657133560,,412.7,infrastructure_access,Infrastructure / access,highway=residential,,412.7,infrastructure_access,Infrastructure / access,highway=residential,True,True,present_both
way,657133561,,345.8,infrastructure_access,Infrastructure / access,highway=residential,,345.8,infrastructure_access,Infrastructure / access,highway=residential,True,True,present_both
way,657133571,,547.7,infrastructure_access,Infrastructure / access,highway=residential,,547.7,infrastructure_access,Infrastructure / access,highway=residential,True,True,present_both
way,657133572,,500.7,infrastructure_access,Infrastructure / access,highway=residential,,500.7,infrastructure_access,Infrastructure / access,highway=residential,True,True,present_both
way,657133573,,522.7,infrastructure_access,Infrastructure / access,highway=residential,,522.7,infrastructure_access,Infrastructure / access,highway=residential,True,True,present_both
way,657133574,,461.1,infrastructure_access,Infrastructure / access,highway=residential,,461.1,infrastructure_access,Infrastructure / access,highway=residential,True,True,present_both
way,709553071,,312.4,unknown,Unknown / unclassified,highway=primary_link; oneway=no; surface=asphalt,,312.4,unknown,Unknown / unclassified,highway=primary_link; oneway=no; surface=asphalt,True,True,present_both
way,709553072,,229.9,unknown,Unknown / unclassified,highway=primary_link,,229.9,unknown,Unknown / unclassified,highway=primary_link,True,True,present_both
way,942758506,,252.0,unknown,Unknown / unclassified,highway=tertiary_link; oneway=yes,,252.0,unknown,Unknown / unclassified,highway=tertiary_link; oneway=yes,True,True,present_both
way,942758507,پارک شهر,499.2,unknown,Unknown / unclassified,leisure=park; name=پارک شهر; opening_hours=24/7; operator=شهرداری,پارک شهر,499.2,unknown,Unknown / unclassified,leisure=park; name=پارک شهر; opening_hours=24/7; operator=شهرداری,True,True,present_both
way,942758508,اداره جهاد کشاورزی میناب,329.3,government_institutional,Government / institutional,building=yes; name=اداره جهاد کشاورزی میناب; office=government,اداره جهاد کشاورزی میناب,329.3,government_institutional,Government / institutional,building=yes; name=اداره جهاد کشاورزی میناب; office=government,True,True,present_both
way,942758509,آهن آلات  محمودی,219.4,civilian_general,Civilian general,building=yes; name=آهن آلات  محمودی; shop=yes,آهن آلات  محمودی,219.4,civilian_general,Civilian general,building=yes; name=آهن آلات  محمودی; shop=yes,True,True,present_both
way,942760673,پادگان سید الشهدا-عاصف,77.2,military_security,Military / security,landuse=military; military=range; name=پادگان سید الشهدا-عاصف,پادگان سید الشهدا-عاصف,77.2,military_security,Military / security,landuse=military; military=range; name=پادگان سید الشهدا-عاصف,True,True,present_both
way,944483950,,223.5,unknown,Unknown / unclassified,landuse=grass,,223.5,unknown,Unknown / unclassified,landuse=grass,True,True,present_both
way,945642810,,589.1,unknown,Unknown / unclassified,admin_level=11; boundary=administrative,,589.1,unknown,Unknown / unclassified,admin_level=11; boundary=administrative,True,True,present_both
way,945642811,,591.6,unknown,Unknown / unclassified,admin_level=11; boundary=administrative,,591.6,unknown,Unknown / unclassified,admin_level=11; boundary=administrative,True,True,present_both
way,945661016,,872.3,unknown,Unknown / unclassified,leisure=garden,,872.3,unknown,Unknown / unclassified,leisure=garden,True,True,present_both
way,947033567,,361.3,infrastructure_access,Infrastructure / access,highway=residential,,361.3,infrastructure_access,Infrastructure / access,highway=residential,True,True,present_both
way,949208655,,511.2,infrastructure_access,Infrastructure / access,highway=residential,,511.2,infrastructure_access,Infrastructure / access,highway=residential,True,True,present_both
way,949208656,,290.7,infrastructure_access,Infrastructure / access,barrier=gate,,290.7,infrastructure_access,Infrastructure / access,barrier=gate,True,True,present_both
way,949209519,رسالت هشتم,367.7,infrastructure_access,Infrastructure / access,highway=residential; name=رسالت هشتم,رسالت هشتم,367.7,infrastructure_access,Infrastructure / access,highway=residential; name=رسالت هشتم,True,True,present_both
way,949827386,,442.3,infrastructure_access,Infrastructure / access,highway=residential,,442.3,infrastructure_access,Infrastructure / access,highway=residential,True,True,present_both
way,949827387,,451.7,infrastructure_access,Infrastructure / access,highway=residential,,451.7,infrastructure_access,Infrastructure / access,highway=residential,True,True,present_both
way,949827391,,384.0,infrastructure_access,Infrastructure / access,highway=residential,,384.0,infrastructure_access,Infrastructure / access,highway=residential,True,True,present_both
way,949827392,,226.5,infrastructure_access,Infrastructure / access,highway=residential,,226.5,infrastructure_access,Infrastructure / access,highway=residential,True,True,present_both
way,949827393,,309.4,infrastructure_access,Infrastructure / access,highway=residential,,309.4,infrastructure_access,Infrastructure / access,highway=residential,True,True,present_both
way,949827395,,786.2,unknown,Unknown / unclassified,,,786.2,unknown,Unknown / unclassified,,True,True,present_both
way,951865654,,1588.5,civilian_general,Civilian general,barrier=wall; construction=yes; height=2; landuse=residential; material=concrete; residential=apartments; wall=concrete,,1588.5,civilian_general,Civilian general,barrier=wall; construction=yes; height=2; landuse=residential; material=concrete; residential=apartments; wall=concrete,True,True,present_both
way,951865668,,340.0,infrastructure_access,Infrastructure / access,highway=residential,,340.0,infrastructure_access,Infrastructure / access,highway=residential,True,True,present_both
way,951865669,,331.7,infrastructure_access,Infrastructure / access,highway=service,,331.7,infrastructure_access,Infrastructure / access,highway=service,True,True,present_both
way,951865680,,578.8,infrastructure_access,Infrastructure / access,highway=residential,,578.8,infrastructure_access,Infrastructure / access,highway=residential,True,True,present_both
way,951865687,,467.1,unknown,Unknown / unclassified,building=yes,,467.1,unknown,Unknown / unclassified,building=yes,True,True,present_both
way,951865688,,503.1,unknown,Unknown / unclassified,building=yes,,503.1,unknown,Unknown / unclassified,building=yes,True,True,present_both
way,951865689,,392.0,unknown,Unknown / unclassified,building=yes,,392.0,unknown,Unknown / unclassified,building=yes,True,True,present_both
way,952814330,,444.7,infrastructure_access,Infrastructure / access,highway=residential,,444.7,infrastructure_access,Infrastructure / access,highway=residential,True,True,present_both
way,952814331,,390.4,infrastructure_access,Infrastructure / access,highway=service,,390.4,infrastructure_access,Infrastructure / access,highway=service,True,True,present_both
way,952814332,,537.6,infrastructure_access,Infrastructure / access,highway=residential,,537.6,infrastructure_access,Infrastructure / access,highway=residential,True,True,present_both
way,952814337,,476.5,infrastructure_access,Infrastructure / access,highway=residential,,476.5,infrastructure_access,Infrastructure / access,highway=residential,True,True,present_both
way,952814338,,356.4,infrastructure_access,Infrastructure / access,highway=residential,,356.4,infrastructure_access,Infrastructure / access,highway=residential,True,True,present_both
way,952814339,رسالت نهم,105.0,infrastructure_access,Infrastructure / access,highway=residential; name=رسالت نهم,رسالت نهم,105.0,infrastructure_access,Infrastructure / access,highway=residential; name=رسالت نهم,True,True,present_both
way,952814340,,169.4,infrastructure_access,Infrastructure / access,highway=residential,,169.4,infrastructure_access,Infrastructure / access,highway=residential,True,True,present_both
way,952814341,,201.5,infrastructure_access,Infrastructure / access,highway=residential,,201.5,infrastructure_access,Infrastructure / access,highway=residential,True,True,present_both
way,952814342,,218.8,infrastructure_access,Infrastructure / access,highway=residential,,218.8,infrastructure_access,Infrastructure / access,highway=residential,True,True,present_both
way,952814343,,216.1,infrastructure_access,Infrastructure / access,highway=residential,,216.1,infrastructure_access,Infrastructure / access,highway=residential,True,True,present_both
way,952814344,,301.0,infrastructure_access,Infrastructure / access,highway=residential,,301.0,infrastructure_access,Infrastructure / access,highway=residential,True,True,present_both
way,952814345,,287.8,infrastructure_access,Infrastructure / access,highway=residential,,287.8,infrastructure_access,Infrastructure / access,highway=residential,True,True,present_both
way,952814346,,286.0,infrastructure_access,Infrastructure / access,highway=residential,,286.0,infrastructure_access,Infrastructure / access,highway=residential,True,True,present_both
way,952814347,,368.5,infrastructure_access,Infrastructure / access,highway=residential,,368.5,infrastructure_access,Infrastructure / access,highway=residential,True,True,present_both
way,952814348,,518.0,infrastructure_access,Infrastructure / access,highway=residential,,518.0,infrastructure_access,Infrastructure / access,highway=residential,True,True,present_both
way,952814349,,409.6,infrastructure_access,Infrastructure / access,highway=residential,,409.6,infrastructure_access,Infrastructure / access,highway=residential,True,True,present_both
way,952814350,,449.9,infrastructure_access,Infrastructure / access,highway=residential,,449.9,infrastructure_access,Infrastructure / access,highway=residential,True,True,present_both
way,952814365,,491.9,infrastructure_access,Infrastructure / access,highway=residential,,491.9,infrastructure_access,Infrastructure / access,highway=residential,True,True,present_both
way,952814372,,326.5,infrastructure_access,Infrastructure / access,highway=residential,,326.5,infrastructure_access,Infrastructure / access,highway=residential,True,True,present_both
way,952814373,,342.9,infrastructure_access,Infrastructure / access,highway=residential,,342.9,infrastructure_access,Infrastructure / access,highway=residential,True,True,present_both
way,952814374,,120.1,infrastructure_access,Infrastructure / access,highway=service,,120.1,infrastructure_access,Infrastructure / access,highway=service,True,True,present_both
way,952814375,,146.3,infrastructure_access,Infrastructure / access,highway=service,,146.3,infrastructure_access,Infrastructure / access,highway=service,True,True,present_both
way,956993923,,496.3,infrastructure_access,Infrastructure / access,highway=residential,,496.3,infrastructure_access,Infrastructure / access,highway=residential,True,True,present_both
way,956993924,,455.0,infrastructure_access,Infrastructure / access,highway=residential,,455.0,infrastructure_access,Infrastructure / access,highway=residential,True,True,present_both
way,956993925,,386.1,infrastructure_access,Infrastructure / access,highway=residential,,386.1,infrastructure_access,Infrastructure / access,highway=residential,True,True,present_both
way,960661164,رسالت دوازدهم,434.1,infrastructure_access,Infrastructure / access,highway=residential; name=رسالت دوازدهم,رسالت دوازدهم,434.1,infrastructure_access,Infrastructure / access,highway=residential; name=رسالت دوازدهم,True,True,present_both
way,960684904,,299.4,unknown,Unknown / unclassified,building=yes,,299.4,unknown,Unknown / unclassified,building=yes,True,True,present_both
way,960684905,,371.1,unknown,Unknown / unclassified,building=yes,,371.1,unknown,Unknown / unclassified,building=yes,True,True,present_both
way,960684906,,250.4,unknown,Unknown / unclassified,building=yes,,250.4,unknown,Unknown / unclassified,building=yes,True,True,present_both
way,960684907,,242.9,unknown,Unknown / unclassified,building=yes,,242.9,unknown,Unknown / unclassified,building=yes,True,True,present_both
way,961092737,بلوار المهدی,1058.2,infrastructure_access,Infrastructure / access,highway=tertiary; name=بلوار المهدی; oneway=yes,بلوار المهدی,1058.2,infrastructure_access,Infrastructure / access,highway=tertiary; name=بلوار المهدی; oneway=yes,True,True,present_both
way,1119061294,,853.5,unknown,Unknown / unclassified,natural=wood,,853.5,unknown,Unknown / unclassified,natural=wood,True,True,present_both
way,1119061299,,308.2,unknown,Unknown / unclassified,landuse=forest,,308.2,unknown,Unknown / unclassified,landuse=forest,True,True,present_both
way,1126544410,کوچه هفتم,491.5,infrastructure_access,Infrastructure / access,highway=residential; name=کوچه هفتم,کوچه هفتم,491.5,infrastructure_access,Infrastructure / access,highway=residential; name=کوچه هفتم,True,True,present_both
way,1152744871,,779.8,unknown,Unknown / unclassified,,,779.8,unknown,Unknown / unclassified,,True,True,present_both
way,1238616089,,493.6,infrastructure_access,Infrastructure / access,highway=residential,,493.6,infrastructure_access,Infrastructure / access,highway=residential,True,True,present_both
way,1238616090,,387.5,infrastructure_access,Infrastructure / access,highway=residential,,387.5,infrastructure_access,Infrastructure / access,highway=residential,True,True,present_both
way,1238616091,,330.2,infrastructure_access,Infrastructure / access,highway=residential,,330.2,infrastructure_access,Infrastructure / access,highway=residential,True,True,present_both
way,1238616092,,335.2,infrastructure_access,Infrastructure / access,highway=residential,,335.2,infrastructure_access,Infrastructure / access,highway=residential,True,True,present_both
way,1238616093,,306.2,infrastructure_access,Infrastructure / access,highway=service,,306.2,infrastructure_access,Infrastructure / access,highway=service,True,True,present_both
way,1238616094,,350.1,infrastructure_access,Infrastructure / access,highway=service,,350.1,infrastructure_access,Infrastructure / access,highway=service,True,True,present_both
way,1238618968,,354.3,infrastructure_access,Infrastructure / access,highway=service,,354.3,infrastructure_access,Infrastructure / access,highway=service,True,True,present_both
way,1305134364,,452.8,infrastructure_access,Infrastructure / access,highway=residential,,452.8,infrastructure_access,Infrastructure / access,highway=residential,True,True,present_both
way,1305134365,,477.9,infrastructure_access,Infrastructure / access,highway=residential,,477.9,infrastructure_access,Infrastructure / access,highway=residential,True,True,present_both
way,1420682883,,604.6,unknown,Unknown / unclassified,highway=construction,,604.6,unknown,Unknown / unclassified,highway=construction,True,True,present_both
